{
  "validation": {
    "r2_score": 0.8549487952434625,
    "rmse": 0.7397216318522003
  },
  "test": {
    "r2_score": 0.8388347691604928,
    "rmse": 0.7597041535899544
  }
}