{
  "data_min": [
    178.18699999999998,
    13.0,
    13.0,
    0.0,
    0.7206000000000004,
    0.0,
    0.0,
    2.0,
    0.0,
    2.0,
    357.18753281186775,
    1.799998549601226e-06,
    1.211175518393124,
    75.63533002798995,
    0.0,
    5.783244946364939,
    0.0,
    0.0,
    0.0,
    0.0,
    0.0,
    0.0,
    0.0,
    5.626541733212007,
    -14.493392516219817
  ],
  "data_max": [
    1131.8029999999997,
    76.0,
    76.0,
    6.0,
    11.107599999999989,
    21.0,
    11.0,
    16.0,
    0.6666666666666666,
    16.0,
    3333.4137142459626,
    2.9708017539898974,
    15.531011875124639,
    453.7144053070141,
    29.846526439759245,
    124.36548300016673,
    97.9192432266148,
    4.0,
    5.0,
    6.0,
    4.0,
    1.0,
    4.0,
    16.612681852903634,
    5.369170099224558
  ],
  "feature_range": [
    0,
    1
  ]
}